Question,Response,Tag
What is linear regression,Link:https://en.wikipedia.org/wiki/Linear_regression,Linear regression
Can you explain linear regression,Link:https://en.wikipedia.org/wiki/Linear_regression,Linear regression
Please provide linear regression example,Link:https://en.wikipedia.org/wiki/Linear_regression,Linear regression
How to apply linear regression,Link:https://en.wikipedia.org/wiki/Linear_regression,Linear regression
What do you mean by linear regression,Link:https://en.wikipedia.org/wiki/Linear_regression,Linear regression
Unable to understand linear regression,Link:https://en.wikipedia.org/wiki/Linear_regression,Linear regression
knn formula,Link:https://en.wikipedia.org/wiki/K-nearest_neighbors_algorithm,KNN
What is knn,Link:https://en.wikipedia.org/wiki/K-nearest_neighbors_algorithm,KNN
Can you explain knn,Link:https://en.wikipedia.org/wiki/K-nearest_neighbors_algorithm,KNN
Please provide knn example,Link:https://en.wikipedia.org/wiki/K-nearest_neighbors_algorithm,KNN
How to apply knn,Link:https://en.wikipedia.org/wiki/K-nearest_neighbors_algorithm,KNN
What do you mean by knn,Link:https://en.wikipedia.org/wiki/K-nearest_neighbors_algorithm,KNN
what are some libraries used in machine learning,Link: https://en.wikipedia.org/wiki/Scikit-learn,sklearn
Which library should i use to build machine learning models,Link: https://en.wikipedia.org/wiki/Scikit-learn,sklearn
what are neural networks,Link:https://en.wikipedia.org/wiki/Neural_network,Neural Networks
how to use neural networks,Link:https://en.wikipedia.org/wiki/Neural_network,Neural Networks
please explain neural networks,Link:https://en.wikipedia.org/wiki/Neural_network,Neural Networks
using neural networks,Link:https://en.wikipedia.org/wiki/Neural_network,Neural Networks
what are different kind of neural networks,Link:https://en.wikipedia.org/wiki/Neural_network,Neural Networks
how to do prediction with neural network,Link:https://en.wikipedia.org/wiki/Neural_network,Neural Networks
how to select features,Link:https://en.wikipedia.org/wiki/Feature_selection,Feature selection
how to do feature selection,Link:https://en.wikipedia.org/wiki/Feature_selection,Feature selection
how can i choose features for machine learning,Link:https://en.wikipedia.org/wiki/Feature_selection,Feature selection
choosing features for logistic regression,Link:https://en.wikipedia.org/wiki/Feature_selection,Feature selection
how to do feature selection in classification,Link:https://en.wikipedia.org/wiki/Feature_selection,Feature selection
how to select features for naivebayes,Link:https://en.wikipedia.org/wiki/Feature_selection,Feature selection
how to build random forest model for classification,Link:https://en.wikipedia.org/wiki/Random_forest,Random forest
did not get random forest,Link:https://en.wikipedia.org/wiki/Random_forest,Random forest
do not understand random forest algorithm,Link:https://en.wikipedia.org/wiki/Random_forest,Random forest
please explain ensemble random forest,Link:https://en.wikipedia.org/wiki/Random_forest,Random forest
want to know about random forest,Link:https://en.wikipedia.org/wiki/Random_forest,Random forest
What are decision trees,Link:https://en.wikipedia.org/wiki/Decision_tree,Decision tree
Explain decision trees,Link:https://en.wikipedia.org/wiki/Decision_tree,Decision tree
Can you explain decision trees,Link:https://en.wikipedia.org/wiki/Decision_tree,Decision tree
Please provide example of decision trees,Link:https://en.wikipedia.org/wiki/Decision_tree,Decision tree
How a decision tree works,Link:https://en.wikipedia.org/wiki/Decision_tree,Decision tree
Expain recurrent neural network,Link:https://en.wikipedia.org/wiki/Neural_network,Neural Networks
What is LSTM?,Link:https://en.wikipedia.org/wiki/Neural_network,Neural Networks
What is linear regression in simple terms?,Link:https://en.wikipedia.org/wiki/Linear_regression,Linear regression
How do you calculate linear regression?,Link:https://en.wikipedia.org/wiki/Linear_regression,Linear regression
How does a linear regression work?,Link:https://en.wikipedia.org/wiki/Linear_regression,Linear regression
What is linear regression used for?,Link:https://en.wikipedia.org/wiki/Linear_regression,Linear regression
What are some examples of linear regression?,Link:https://en.wikipedia.org/wiki/Linear_regression,Linear regression
How do you explain linear regression to a child?,Link:https://en.wikipedia.org/wiki/Linear_regression,Linear regression
Why is it called linear regression?,Link:https://en.wikipedia.org/wiki/Linear_regression,Linear regression
Is multiple regression linear?,Link:https://en.wikipedia.org/wiki/Linear_regression,Linear regression
What is A and B in linear regression?,Link:https://en.wikipedia.org/wiki/Linear_regression,Linear regression
Is linear regression always a straight line?,Link:https://en.wikipedia.org/wiki/Linear_regression,Linear regression
What does multiple linear regression tell you?,Link:https://en.wikipedia.org/wiki/Linear_regression,Linear regression
How do you interpret linear regression?,Link:https://en.wikipedia.org/wiki/Linear_regression,Linear regression
What are the four assumptions of linear regression?,Link:https://en.wikipedia.org/wiki/Linear_regression,Linear regression
Why do we use multiple regression?,Link:https://en.wikipedia.org/wiki/Linear_regression,Linear regression
Which data is most suitable for linear regression?,Link:https://en.wikipedia.org/wiki/Linear_regression,Linear regression
What are types of regression?,Link:https://en.wikipedia.org/wiki/Linear_regression,Linear regression
What does R Squared mean?,Link:https://en.wikipedia.org/wiki/Linear_regression,Linear regression
How do you calculate regression?,Link:https://en.wikipedia.org/wiki/Linear_regression,Linear regression
linear regression example,Link:https://en.wikipedia.org/wiki/Linear_regression,Linear regression
multiple linear regression,Link:https://en.wikipedia.org/wiki/Linear_regression,Linear regression
linear regression algorithm,Link:https://en.wikipedia.org/wiki/Linear_regression,Linear regression
logistic regression,Link:https://en.wikipedia.org/wiki/Linear_regression,Linear regression
linear regression for dummies,Link:https://en.wikipedia.org/wiki/Linear_regression,Linear regression
linear regression equation,Link:https://en.wikipedia.org/wiki/Linear_regression,Linear regression
regression analysis,Link:https://en.wikipedia.org/wiki/Linear_regression,Linear regression
sklearn linear regression,Link:https://en.wikipedia.org/wiki/Linear_regression,Linear regression
linear regression is a linear approach to modeling,Link:https://en.wikipedia.org/wiki/Linear_regression,Linear regression
linear regression establishes relationship between a scalar response and explanatory variables,Link:https://en.wikipedia.org/wiki/Linear_regression,Linear regression
one explanatory variable is called simple linear regression,Link:https://en.wikipedia.org/wiki/Linear_regression,Linear regression
more than one explanatory variable is called multiple linear regression,Link:https://en.wikipedia.org/wiki/Linear_regression,Linear regression
multivariate linear regression deals with prediction of multiple correlated dependent variables,Link:https://en.wikipedia.org/wiki/Linear_regression,Linear regression
relationships are modeled using linear predictor functions whose unknown model parameters are estimated from the data,Link:https://en.wikipedia.org/wiki/Linear_regression,Linear regression
linear regression focuses on the conditional probability distribution of the response given the values of the predictors,Link:https://en.wikipedia.org/wiki/Linear_regression,Linear regression
"Linear regression can be used when goal is prediction, forecasting, or error reduction",Link:https://en.wikipedia.org/wiki/Linear_regression,Linear regression
Linear regression analysis can be applied to quantify the strength of the relationship between response and explanatory variables,Link:https://en.wikipedia.org/wiki/Linear_regression,Linear regression
Linear regression models are often fitted using the least squares approach,Link:https://en.wikipedia.org/wiki/Linear_regression,Linear regression
"linear regression minimizes the ""lack of fit""",Link:https://en.wikipedia.org/wiki/Linear_regression,Linear regression
linear regression minimizes a penalized version of the least squares cost function as in ridge regression,Link:https://en.wikipedia.org/wiki/Linear_regression,Linear regression
assumptions made by standard linear regression models with standard estimation techniques,Link:https://en.wikipedia.org/wiki/Linear_regression,Linear regression
ordinary least squares,Link:https://en.wikipedia.org/wiki/Linear_regression,Linear regression
OLS,Link:https://en.wikipedia.org/wiki/Linear_regression,Linear regression
Weak exogeneity,Link:https://en.wikipedia.org/wiki/Linear_regression,Linear regression
Linearity,Link:https://en.wikipedia.org/wiki/Linear_regression,Linear regression
homoscedasticity in linear regression,Link:https://en.wikipedia.org/wiki/Linear_regression,Linear regression
Simple and multiple linear regression,Link:https://en.wikipedia.org/wiki/Linear_regression,Linear regression
General linear models,Link:https://en.wikipedia.org/wiki/Linear_regression,Linear regression
generalized least squares linear regression,Link:https://en.wikipedia.org/wiki/Linear_regression,Linear regression
Hierarchical linear models,Link:https://en.wikipedia.org/wiki/Linear_regression,Linear regression
Least-squares estimation,Link:https://en.wikipedia.org/wiki/Linear_regression,Linear regression
Hey,Hello! how can I help you ?,hello
Hi,Hello! how can I help you ?,hello
How are you?,Hello! how can I help you ?,hello
How's it going,Hello! how can I help you ?,hello
Help,Hello! how can I help you ?,hello
I need some help,Hello! how can I help you ?,hello
I need help,Hello! how can I help you ?,hello
Hi there,Hello! how can I help you ?,hello
Hello there,Hello! how can I help you ?,hello
Hi Chatbot,Hello! how can I help you ?,hello
Hi Great Learning,Hello! how can I help you ?,hello
Hi Greatlearning,Hello! how can I help you ?,hello
Anybody there?,Hello! how can I help you ?,hello
Are you a chatbot?,Hello! how can I help you ?,hello
Are you human?,Hello! how can I help you ?,hello
Greetings!,Hello! how can I help you ?,hello
Nice to meet you,Hello! how can I help you ?,hello
What's up?,Hello! how can I help you ?,hello
Good morning,Hello! how can I help you ?,hello
Good afternoon,Hello! how can I help you ?,hello
Good evening,Hello! how can I help you ?,hello
Good night,Hello! how can I help you ?,hello
Are you real?,Hello! how can I help you ?,hello
you're a machine?,Hello! how can I help you ?,hello
Tell me something,Hello! how can I help you ?,hello
What can you do?,Hello! how can I help you ?,hello
how can you help me,Hello! how can I help you ?,hello
I have a question,Hello! how can I help you ?,hello
can you help me,Hello! how can I help you ?,hello
what's your name,Hello! how can I help you ?,hello
knn,Link:https://en.wikipedia.org/wiki/K-nearest_neighbors_algorithm,KNN
k-nearest neighbors algorithm,Link:https://en.wikipedia.org/wiki/K-nearest_neighbors_algorithm,KNN
What is Knn in machine learning?,Link:https://en.wikipedia.org/wiki/K-nearest_neighbors_algorithm,KNN
What does K mean in Knn?,Link:https://en.wikipedia.org/wiki/K-nearest_neighbors_algorithm,KNN
Why is Knn used?,Link:https://en.wikipedia.org/wiki/K-nearest_neighbors_algorithm,KNN
How does KNN algorithm work?,Link:https://en.wikipedia.org/wiki/K-nearest_neighbors_algorithm,KNN
How is Knn calculated?,Link:https://en.wikipedia.org/wiki/K-nearest_neighbors_algorithm,KNN
How do you predict using Knn?,Link:https://en.wikipedia.org/wiki/K-nearest_neighbors_algorithm,KNN
What are some applications of KNN?,Link:https://en.wikipedia.org/wiki/K-nearest_neighbors_algorithm,KNN
Does Knn require training?,Link:https://en.wikipedia.org/wiki/K-nearest_neighbors_algorithm,KNN
Is Knn used for regression?,Link:https://en.wikipedia.org/wiki/K-nearest_neighbors_algorithm,KNN
How do I stop Overfitting in Knn?,Link:https://en.wikipedia.org/wiki/K-nearest_neighbors_algorithm,KNN
How do I tune my Knn?,Link:https://en.wikipedia.org/wiki/K-nearest_neighbors_algorithm,KNN
How does Knn work in regression?,Link:https://en.wikipedia.org/wiki/K-nearest_neighbors_algorithm,KNN
How do you select the value of k in Knn?,Link:https://en.wikipedia.org/wiki/K-nearest_neighbors_algorithm,KNN
Why KNN is called lazy learner?,Link:https://en.wikipedia.org/wiki/K-nearest_neighbors_algorithm,KNN
How is KNN algorithm implemented?,Link:https://en.wikipedia.org/wiki/K-nearest_neighbors_algorithm,KNN
What is KNN algorithm example?,Link:https://en.wikipedia.org/wiki/K-nearest_neighbors_algorithm,KNN
What is Knn in Python?,Link:https://en.wikipedia.org/wiki/K-nearest_neighbors_algorithm,KNN
Is KNN clustering?,Link:https://en.wikipedia.org/wiki/K-nearest_neighbors_algorithm,KNN
Why Euclidean distance is used in Knn?,Link:https://en.wikipedia.org/wiki/K-nearest_neighbors_algorithm,KNN
Is Knn better than logistic regression?,Link:https://en.wikipedia.org/wiki/K-nearest_neighbors_algorithm,KNN
Why KNN is non parametric?,Link:https://en.wikipedia.org/wiki/K-nearest_neighbors_algorithm,KNN
k nearest neighbors algorithm,Link:https://en.wikipedia.org/wiki/K-nearest_neighbors_algorithm,KNN
k nearest neighbors,Link:https://en.wikipedia.org/wiki/K-nearest_neighbors_algorithm,KNN
k nearest neighbor,Link:https://en.wikipedia.org/wiki/K-nearest_neighbors_algorithm,KNN
knn sklearn,Link:https://en.wikipedia.org/wiki/K-nearest_neighbors_algorithm,KNN
knn wiki,Link:https://en.wikipedia.org/wiki/K-nearest_neighbors_algorithm,KNN
knn example,Link:https://en.wikipedia.org/wiki/K-nearest_neighbors_algorithm,KNN
knn python,Link:https://en.wikipedia.org/wiki/K-nearest_neighbors_algorithm,KNN
knn algorithm tutorial,Link:https://en.wikipedia.org/wiki/K-nearest_neighbors_algorithm,KNN
knn clustering,Link:https://en.wikipedia.org/wiki/K-nearest_neighbors_algorithm,KNN
knn supervised or unsupervised,Link:https://en.wikipedia.org/wiki/K-nearest_neighbors_algorithm,KNN
knn classification,Link:https://en.wikipedia.org/wiki/K-nearest_neighbors_algorithm,KNN
knn algorithm in data mining,Link:https://en.wikipedia.org/wiki/K-nearest_neighbors_algorithm,KNN
how knn works,Link:https://en.wikipedia.org/wiki/K-nearest_neighbors_algorithm,KNN
I am unable to understand concept of knn,Link:https://en.wikipedia.org/wiki/K-nearest_neighbors_algorithm,KNN
unable to understand concept of knn,Link:https://en.wikipedia.org/wiki/K-nearest_neighbors_algorithm,KNN
unable to understand k-nearest neighbors,Link:https://en.wikipedia.org/wiki/K-nearest_neighbors_algorithm,KNN
unable to understand k nearest neighbors,Link:https://en.wikipedia.org/wiki/K-nearest_neighbors_algorithm,KNN
unable to understand k nearest neighbours,Link:https://en.wikipedia.org/wiki/K-nearest_neighbors_algorithm,KNN
unable to understand k-nearest neighbours,Link:https://en.wikipedia.org/wiki/K-nearest_neighbors_algorithm,KNN
Which Python library is used for machine learning?,Link: https://en.wikipedia.org/wiki/Scikit-learn,sklearn
What library is primarily used for machine learning?,Link: https://en.wikipedia.org/wiki/Scikit-learn,sklearn
Which is the best machine learning library?,Link: https://en.wikipedia.org/wiki/Scikit-learn,sklearn
What is ML library?,Link: https://en.wikipedia.org/wiki/Scikit-learn,sklearn
What is the library in Python?,Link: https://en.wikipedia.org/wiki/Scikit-learn,sklearn
What are standard libraries in Python?,Link: https://en.wikipedia.org/wiki/Scikit-learn,sklearn
How do I get a list of Python libraries?,Link: https://en.wikipedia.org/wiki/Scikit-learn,sklearn
Are Python libraries free?,Link: https://en.wikipedia.org/wiki/Scikit-learn,sklearn
Where are Python libraries stored?,Link: https://en.wikipedia.org/wiki/Scikit-learn,sklearn
Which Python libraries should I learn?,Link: https://en.wikipedia.org/wiki/Scikit-learn,sklearn
How many libraries are in Python?,Link: https://en.wikipedia.org/wiki/Scikit-learn,sklearn
Is JSON a standard Python library?,Link: https://en.wikipedia.org/wiki/Scikit-learn,sklearn
What are pandas in Python?,Link: https://en.wikipedia.org/wiki/Scikit-learn,sklearn
python libraries for data science,Link: https://en.wikipedia.org/wiki/Scikit-learn,sklearn
python libraries for machine learning,Link: https://en.wikipedia.org/wiki/Scikit-learn,sklearn
python libraries download,Link: https://en.wikipedia.org/wiki/Scikit-learn,sklearn
python modules,Link: https://en.wikipedia.org/wiki/Scikit-learn,sklearn
python packages list,Link: https://en.wikipedia.org/wiki/Scikit-learn,sklearn
python modules list,Link: https://en.wikipedia.org/wiki/Scikit-learn,sklearn
python libraries,Link: https://en.wikipedia.org/wiki/Scikit-learn,sklearn
sklearn,Link: https://en.wikipedia.org/wiki/Scikit-learn,sklearn
sklearn libraries,Link: https://en.wikipedia.org/wiki/Scikit-learn,sklearn
skikit learn library,Link: https://en.wikipedia.org/wiki/Scikit-learn,sklearn
scikit learn library,Link: https://en.wikipedia.org/wiki/Scikit-learn,sklearn
what are sklearn libraries used for,Link: https://en.wikipedia.org/wiki/Scikit-learn,sklearn
scikit-learn library,Link: https://en.wikipedia.org/wiki/Scikit-learn,sklearn
skikit-learn library,Link: https://en.wikipedia.org/wiki/Scikit-learn,sklearn
libraries for scikit,Link: https://en.wikipedia.org/wiki/Scikit-learn,sklearn
where can i find sklearn libraries,Link: https://en.wikipedia.org/wiki/Scikit-learn,sklearn
What is a machine learning library?,Link: https://en.wikipedia.org/wiki/Scikit-learn,sklearn
What are ml libraries?,Link: https://en.wikipedia.org/wiki/Scikit-learn,sklearn
What library is primarily used for machine learning?,Link: https://en.wikipedia.org/wiki/Scikit-learn,sklearn
Which library you have used for ML experiments?,Link: https://en.wikipedia.org/wiki/Scikit-learn,sklearn
Which is the best machine learning library?,Link: https://en.wikipedia.org/wiki/Scikit-learn,sklearn
What is Python library?,Link: https://en.wikipedia.org/wiki/Scikit-learn,sklearn
Which Python libraries should I learn?,Link: https://en.wikipedia.org/wiki/Scikit-learn,sklearn
What is Python library explain with example?,Link: https://en.wikipedia.org/wiki/Scikit-learn,sklearn
What is Sklearn library in Python?,Link: https://en.wikipedia.org/wiki/Scikit-learn,sklearn
What does Sklearn stand for?,Link: https://en.wikipedia.org/wiki/Scikit-learn,sklearn
Is Sklearn and Scikit learn same?,Link: https://en.wikipedia.org/wiki/Scikit-learn,sklearn
How do you use Sklearn?,Link: https://en.wikipedia.org/wiki/Scikit-learn,sklearn
types of neural networks,Link:https://en.wikipedia.org/wiki/Neural_network,Neural Networks
neural networks tutorial,Link:https://en.wikipedia.org/wiki/Neural_network,Neural Networks
neural networks machine learning,Link:https://en.wikipedia.org/wiki/Neural_network,Neural Networks
neural networks journal,Link:https://en.wikipedia.org/wiki/Neural_network,Neural Networks
neural networks applications,Link:https://en.wikipedia.org/wiki/Neural_network,Neural Networks
neural networks and deep learning,Link:https://en.wikipedia.org/wiki/Neural_network,Neural Networks
artificial neural networks,Link:https://en.wikipedia.org/wiki/Neural_network,Neural Networks
What are neural networks used for?,Link:https://en.wikipedia.org/wiki/Neural_network,Neural Networks
How do neural networks work?,Link:https://en.wikipedia.org/wiki/Neural_network,Neural Networks
What are the types of neural networks?,Link:https://en.wikipedia.org/wiki/Neural_network,Neural Networks
What is neural network in artificial intelligence?,Link:https://en.wikipedia.org/wiki/Neural_network,Neural Networks
Why are neural networks so powerful?,Link:https://en.wikipedia.org/wiki/Neural_network,Neural Networks
What problems can neural networks solve?,Link:https://en.wikipedia.org/wiki/Neural_network,Neural Networks
Why are networks so powerful?,Link:https://en.wikipedia.org/wiki/Neural_network,Neural Networks
Why are neural networks important?,Link:https://en.wikipedia.org/wiki/Neural_network,Neural Networks
Who invented neural network?,Link:https://en.wikipedia.org/wiki/Neural_network,Neural Networks
Why use deep neural networks?,Link:https://en.wikipedia.org/wiki/Neural_network,Neural Networks
Is neural networks deep learning?,Link:https://en.wikipedia.org/wiki/Neural_network,Neural Networks
How do I start learning neural networks?,Link:https://en.wikipedia.org/wiki/Neural_network,Neural Networks
How can I learn neural networks?,Link:https://en.wikipedia.org/wiki/Neural_network,Neural Networks
What is neural network in simple words?,Link:https://en.wikipedia.org/wiki/Neural_network,Neural Networks
Who invented neural networks?,Link:https://en.wikipedia.org/wiki/Neural_network,Neural Networks
Is neural network used for deep learning,Link:https://en.wikipedia.org/wiki/Neural_network,Neural Networks
learn neural network,Link:https://en.wikipedia.org/wiki/Neural_network,Neural Networks
dont understand neural network,Link:https://en.wikipedia.org/wiki/Neural_network,Neural Networks
don't understand neural network,Link:https://en.wikipedia.org/wiki/Neural_network,Neural Networks
neural network machine learning,Link:https://en.wikipedia.org/wiki/Neural_network,Neural Networks
what is the scope of neural networks,Link:https://en.wikipedia.org/wiki/Neural_network,Neural Networks
how to make a mathematical model in neural network,Link:https://en.wikipedia.org/wiki/Neural_network,Neural Networks
how normal computer is different from neural network,Link:https://en.wikipedia.org/wiki/Neural_network,Neural Networks
how neural network is used for classification,Link:https://en.wikipedia.org/wiki/Neural_network,Neural Networks
what is delta error in neural networks,Link:https://en.wikipedia.org/wiki/Neural_network,Neural Networks
what is recurrent neural networks,Link:https://en.wikipedia.org/wiki/Neural_network,Neural Networks
how to prepare data for neural networks,Link:https://en.wikipedia.org/wiki/Neural_network,Neural Networks
how to make neural networks,Link:https://en.wikipedia.org/wiki/Neural_network,Neural Networks
how to learn neural networks,Link:https://en.wikipedia.org/wiki/Neural_network,Neural Networks
how to train neural networks,Link:https://en.wikipedia.org/wiki/Neural_network,Neural Networks
how to build a neural networks,Link:https://en.wikipedia.org/wiki/Neural_network,Neural Networks
neural network is a network or circuit of neurons,Link:https://en.wikipedia.org/wiki/Neural_network,Neural Networks
composed of artificial neurons or nodes,Link:https://en.wikipedia.org/wiki/Neural_network,Neural Networks
biological neural network is composed of a groups of chemically connected or functionally associated neuron,Link:https://en.wikipedia.org/wiki/Neural_network,Neural Networks
neural networks are information processing paradigms inspired by the way biological neural systems process data,Link:https://en.wikipedia.org/wiki/Neural_network,Neural Networks
Artificial intelligence and cognitive modeling try to simulate some properties of biological neural networks,Link:https://en.wikipedia.org/wiki/Neural_network,Neural Networks
"artificial neural networks have been applied successfully to speech recognition, image analysis and adaptive control",Link:https://en.wikipedia.org/wiki/Neural_network,Neural Networks
origins of neural networks are based on efforts to model information processing in biological systems,Link:https://en.wikipedia.org/wiki/Neural_network,Neural Networks
neural network computing does not separate memory and processing,Link:https://en.wikipedia.org/wiki/Neural_network,Neural Networks
McCulloch and Pitts[8] (1943) created a computational model for neural networks based on mathematics and algorithms,Link:https://en.wikipedia.org/wiki/Neural_network,Neural Networks
called this model threshold logic,Link:https://en.wikipedia.org/wiki/Neural_network,Neural Networks
Why do we do feature selection,Link:https://en.wikipedia.org/wiki/Feature_selection,Feature selection
What is wrapper method in feature selection,Link:https://en.wikipedia.org/wiki/Feature_selection,Feature selection
What is feature selection in ML,Link:https://en.wikipedia.org/wiki/Feature_selection,Feature selection
How do you select best features in regression,Link:https://en.wikipedia.org/wiki/Feature_selection,Feature selection
What is meant by feature selection,Link:https://en.wikipedia.org/wiki/Feature_selection,Feature selection
How do you do feature selection in linear regression,Link:https://en.wikipedia.org/wiki/Feature_selection,Feature selection
What is feature selection in data mining,Link:https://en.wikipedia.org/wiki/Feature_selection,Feature selection
What is univariate feature selection,Link:https://en.wikipedia.org/wiki/Feature_selection,Feature selection
How do you use feature selection for classification,Link:https://en.wikipedia.org/wiki/Feature_selection,Feature selection
Can decision tree be used for feature selection,Link:https://en.wikipedia.org/wiki/Feature_selection,Feature selection
What is correlation based feature selection,Link:https://en.wikipedia.org/wiki/Feature_selection,Feature selection
What is feature selection and feature extraction,Link:https://en.wikipedia.org/wiki/Feature_selection,Feature selection
How feature importance is calculated,Link:https://en.wikipedia.org/wiki/Feature_selection,Feature selection
What is permutation feature importance,Link:https://en.wikipedia.org/wiki/Feature_selection,Feature selection
What is sequential forward selection,Link:https://en.wikipedia.org/wiki/Feature_selection,Feature selection
What is filter method in feature selection,Link:https://en.wikipedia.org/wiki/Feature_selection,Feature selection
What is filter method in feature selection,Link:https://en.wikipedia.org/wiki/Feature_selection,Feature selection
Feature selection techniques,Link:https://en.wikipedia.org/wiki/Feature_selection,Feature selection
Feature selection for regression,Link:https://en.wikipedia.org/wiki/Feature_selection,Feature selection
Feature selection logistic regression,Link:https://en.wikipedia.org/wiki/Feature_selection,Feature selection
Feature selection using random forest,Link:https://en.wikipedia.org/wiki/Feature_selection,Feature selection
Feature selection sklearn,Link:https://en.wikipedia.org/wiki/Feature_selection,Feature selection
Feature selection algorithm,Link:https://en.wikipedia.org/wiki/Feature_selection,Feature selection
Feature selection methods,Link:https://en.wikipedia.org/wiki/Feature_selection,Feature selection
Is PCA a feature selection,Link:https://en.wikipedia.org/wiki/Feature_selection,Feature selection
What is a feature matrix,Link:https://en.wikipedia.org/wiki/Feature_selection,Feature selection
What is the best feature selection method,Link:https://en.wikipedia.org/wiki/Feature_selection,Feature selection
Is feature selection necessary,Link:https://en.wikipedia.org/wiki/Feature_selection,Feature selection
How do you apply feature selection,Link:https://en.wikipedia.org/wiki/Feature_selection,Feature selection
How does Lasso do feature selection,Link:https://en.wikipedia.org/wiki/Feature_selection,Feature selection
Does random forest need feature selection,Link:https://en.wikipedia.org/wiki/Feature_selection,Feature selection
What is feature selection in data mining,Link:https://en.wikipedia.org/wiki/Feature_selection,Feature selection
Which type of regularization can help in feature selection,Link:https://en.wikipedia.org/wiki/Feature_selection,Feature selection
What is F score in feature importance,Link:https://en.wikipedia.org/wiki/Feature_selection,Feature selection
How does Xgboost calculate feature importance,Link:https://en.wikipedia.org/wiki/Feature_selection,Feature selection
What is permutation feature importance,Link:https://en.wikipedia.org/wiki/Feature_selection,Feature selection
How to choose a Feature Selection Method for Machine Learning,Link:https://en.wikipedia.org/wiki/Feature_selection,Feature selection
Sequential Feature Selection for classification,Link:https://en.wikipedia.org/wiki/Feature_selection,Feature selection
How does a random forest work,Link:https://en.wikipedia.org/wiki/Random_forest,Random forest
Is Random Forest supervised or unsupervised,Link:https://en.wikipedia.org/wiki/Random_forest,Random forest
What is difference between decision tree and random forest,Link:https://en.wikipedia.org/wiki/Random_forest,Random forest
How do you do random forest regression,Link:https://en.wikipedia.org/wiki/Random_forest,Random forest
Can random forest be used for classification,Link:https://en.wikipedia.org/wiki/Random_forest,Random forest
How do you stop Overfitting in random forest,Link:https://en.wikipedia.org/wiki/Random_forest,Random forest
Where is random forest used,Link:https://en.wikipedia.org/wiki/Random_forest,Random forest
Is Random Forest linear or nonlinear,Link:https://en.wikipedia.org/wiki/Random_forest,Random forest
How to use random forest in python,Link:https://en.wikipedia.org/wiki/Random_forest,Random forest
Do we need to normalize data for random forest,Link:https://en.wikipedia.org/wiki/Random_forest,Random forest
How to tune random forest in python,Link:https://en.wikipedia.org/wiki/Random_forest,Random forest
What is random in random forest,Link:https://en.wikipedia.org/wiki/Random_forest,Random forest
Random Forest regression,Link:https://en.wikipedia.org/wiki/Random_forest,Random forest
How do you describe random forest,Link:https://en.wikipedia.org/wiki/Random_forest,Random forest
Is random forest deep learning,Link:https://en.wikipedia.org/wiki/Random_forest,Random forest
Why is random forest random,Link:https://en.wikipedia.org/wiki/Random_forest,Random forest
What is random forest good for,Link:https://en.wikipedia.org/wiki/Random_forest,Random forest
Where is random forest used,Link:https://en.wikipedia.org/wiki/Random_forest,Random forest
Is random forest better than SVM,Link:https://en.wikipedia.org/wiki/Random_forest,Random forest
Is XGBoost better than random forest,Link:https://en.wikipedia.org/wiki/Random_forest,Random forest
What is random forest good for,Link:https://en.wikipedia.org/wiki/Random_forest,Random forest
How does random forest handle Overfitting,Link:https://en.wikipedia.org/wiki/Random_forest,Random forest
Is Random Forest Parametric,Link:https://en.wikipedia.org/wiki/Random_forest,Random forest
Why is random forest better than decision tree,Link:https://en.wikipedia.org/wiki/Random_forest,Random forest
Is random forest a black box model,Link:https://en.wikipedia.org/wiki/Random_forest,Random forest
Is Random Forest a linear classifier,Link:https://en.wikipedia.org/wiki/Random_forest,Random forest
What is the difference between gradient boosting and Random Forest,Link:https://en.wikipedia.org/wiki/Random_forest,Random forest
What is Max features in random forest,Link:https://en.wikipedia.org/wiki/Random_forest,Random forest
What are the assumptions in a random forest model,Link:https://en.wikipedia.org/wiki/Random_forest,Random forest
What is Random Forest algorithm in machine learning,Link:https://en.wikipedia.org/wiki/Random_forest,Random forest
What is node in random forest,Link:https://en.wikipedia.org/wiki/Random_forest,Random forest
Is Random Forest linear or nonlinear,Link:https://en.wikipedia.org/wiki/Random_forest,Random forest
Limitation of random forest regression,Link:https://en.wikipedia.org/wiki/Random_forest,Random forest
Is Random Forest linear or nonlinear,Link:https://en.wikipedia.org/wiki/Random_forest,Random forest
How do you improve random forest accuracy,Link:https://en.wikipedia.org/wiki/Random_forest,Random forest
Is Random Forest linear or nonlinear,Link:https://en.wikipedia.org/wiki/Random_forest,Random forest
explain random forest,Link:https://en.wikipedia.org/wiki/Random_forest,Random forest
What is a Random Forest model,Link:https://en.wikipedia.org/wiki/Random_forest,Random forest
How do I set parameters in random forest,Link:https://en.wikipedia.org/wiki/Random_forest,Random forest
How do you do random forest regression in R,Link:https://en.wikipedia.org/wiki/Random_forest,Random forest
Does random forest need feature selection,Link:https://en.wikipedia.org/wiki/Random_forest,Random forest
How can I speed up random forest,Link:https://en.wikipedia.org/wiki/Random_forest,Random forest
Does Random Forest reduce bias,Link:https://en.wikipedia.org/wiki/Random_forest,Random forest
How can I speed up random forest,Link:https://en.wikipedia.org/wiki/Random_forest,Random forest
How does random forest calculate probability,Link:https://en.wikipedia.org/wiki/Random_forest,Random forest
How many trees are in random forest,Link:https://en.wikipedia.org/wiki/Random_forest,Random forest
Does random forest need cross validation,Link:https://en.wikipedia.org/wiki/Random_forest,Random forest
What is MTRY in random forest,Link:https://en.wikipedia.org/wiki/Random_forest,Random forest
How OOB error is calculated in random forest,Link:https://en.wikipedia.org/wiki/Random_forest,Random forest
Does random forest need one hot encoding,Link:https://en.wikipedia.org/wiki/Random_forest,Random forest
How do you check variable importance in random forest,Link:https://en.wikipedia.org/wiki/Random_forest,Random forest
What is tree depth in random forest,Link:https://en.wikipedia.org/wiki/Random_forest,Random forest
What is decision tree in machine learning,Link:https://en.wikipedia.org/wiki/Decision_tree,Decision tree
decision tree tutorial,Link:https://en.wikipedia.org/wiki/Decision_tree,Decision tree
decision tree sklearn,Link:https://en.wikipedia.org/wiki/Decision_tree,Decision tree
decision tree examples with solution,Link:https://en.wikipedia.org/wiki/Decision_tree,Decision tree
decision tree classification,Link:https://en.wikipedia.org/wiki/Decision_tree,Decision tree
decision tree analysis,Link:https://en.wikipedia.org/wiki/Decision_tree,Decision tree
decision tree algorithm,Link:https://en.wikipedia.org/wiki/Decision_tree,Decision tree
What are decision trees used for,Link:https://en.wikipedia.org/wiki/Decision_tree,Decision tree
Who invented decision trees,Link:https://en.wikipedia.org/wiki/Decision_tree,Decision tree
How many nodes are in a decision tree,Link:https://en.wikipedia.org/wiki/Decision_tree,Decision tree
What is decision tree and its importance,Link:https://en.wikipedia.org/wiki/Decision_tree,Decision tree
What are the disadvantages of decision tree,Link:https://en.wikipedia.org/wiki/Decision_tree,Decision tree
How are decision trees trained,Link:https://en.wikipedia.org/wiki/Decision_tree,Decision tree
Does decision tree given probability,Link:https://en.wikipedia.org/wiki/Decision_tree,Decision tree
What is the difference between decision tree and random forest,Link:https://en.wikipedia.org/wiki/Decision_tree,Decision tree
What is a pure node in decision tree,Link:https://en.wikipedia.org/wiki/Decision_tree,Decision tree
What are the types of decision tree,Link:https://en.wikipedia.org/wiki/Decision_tree,Decision tree
What do you mean by decision trees,Link:https://en.wikipedia.org/wiki/Decision_tree,Decision tree
What are the different types of decision trees,Link:https://en.wikipedia.org/wiki/Decision_tree,Decision tree
What is the final objective of decision tree,Link:https://en.wikipedia.org/wiki/Decision_tree,Decision tree
Is decision tree supervised learning,Link:https://en.wikipedia.org/wiki/Decision_tree,Decision tree
How do you choose the depth of a decision tree,Link:https://en.wikipedia.org/wiki/Decision_tree,Decision tree
How do you find the probability in a decision tree,Link:https://en.wikipedia.org/wiki/Decision_tree,Decision tree
What is decision tree in data mining,Link:https://en.wikipedia.org/wiki/Decision_tree,Decision tree
What is decision table with example,Link:https://en.wikipedia.org/wiki/Decision_tree,Decision tree
What is Overfitting decision tree,Link:https://en.wikipedia.org/wiki/Decision_tree,Decision tree
How do you analyze a decision tree,Link:https://en.wikipedia.org/wiki/Decision_tree,Decision tree
Which node has maximum entropy in decision tree,Link:https://en.wikipedia.org/wiki/Decision_tree,Decision tree
How can we avoid overfitting in a decision tree,Link:https://en.wikipedia.org/wiki/Decision_tree,Decision tree
How do you simplify a decision table,Link:https://en.wikipedia.org/wiki/Decision_tree,Decision tree
Why do decision trees use Entropy,Link:https://en.wikipedia.org/wiki/Decision_tree,Decision tree
Does Multicollinearity affect decision tree,Link:https://en.wikipedia.org/wiki/Decision_tree,Decision tree
decision tree tutorial,Link:https://en.wikipedia.org/wiki/Decision_tree,Decision tree
How do you use a decision tree,Link:https://en.wikipedia.org/wiki/Decision_tree,Decision tree
How do you create a decision tree,Link:https://en.wikipedia.org/wiki/Decision_tree,Decision tree
Gini index,Link:https://en.wikipedia.org/wiki/Decision_tree,Decision tree
How does the Decision Tree algorithm work,Link:https://en.wikipedia.org/wiki/Decision_tree,Decision tree
Decision Tree Classifier Building in Scikit-learn,Link:https://en.wikipedia.org/wiki/Decision_tree,Decision tree
decision tree python code example,Link:https://en.wikipedia.org/wiki/Decision_tree,Decision tree
How do you code a decision tree,Link:https://en.wikipedia.org/wiki/Decision_tree,Decision tree
What is a decision tree model,Link:https://en.wikipedia.org/wiki/Decision_tree,Decision tree
variable selection,Link:https://en.wikipedia.org/wiki/Feature_selection,Feature selection
how to select right variables,Link:https://en.wikipedia.org/wiki/Feature_selection,Feature selection
types of classification,Link:https://en.wikipedia.org/wiki/Category:Classification_algorithms,classification model
classification models in python,Link:https://en.wikipedia.org/wiki/Category:Classification_algorithms,classification model
classification algorithms,Link:https://en.wikipedia.org/wiki/Category:Classification_algorithms,classification model
classification algorithms in data mining,Link:https://en.wikipedia.org/wiki/Category:Classification_algorithms,classification model
what are some classification models,Link:https://en.wikipedia.org/wiki/Category:Classification_algorithms,classification model
classification in data science,Link:https://en.wikipedia.org/wiki/Category:Classification_algorithms,classification model
Mention a few classification models,Link:https://en.wikipedia.org/wiki/Category:Classification_algorithms,classification model
Name a few supervised learning algorithms,Link:https://en.wikipedia.org/wiki/Supervised_learning,Supervised Learning
types of supervised learning models,Link:https://en.wikipedia.org/wiki/Supervised_learning,Supervised Learning
supervised learning in python,Link:https://en.wikipedia.org/wiki/Supervised_learning,Supervised Learning
supervised learning algorithms,Link:https://en.wikipedia.org/wiki/Supervised_learning,Supervised Learning
supervised learning algorithms in data mining,Link:https://en.wikipedia.org/wiki/Supervised_learning,Supervised Learning
what are some supervised learning methods,Link:https://en.wikipedia.org/wiki/Supervised_learning,Supervised Learning
supervised learning in data science,Link:https://en.wikipedia.org/wiki/Supervised_learning,Supervised Learning
Mention a few supervised learning topics,Link:https://en.wikipedia.org/wiki/Supervised_learning,Supervised Learning
Name a few unsupervised learning algorithms,Link:https://en.wikipedia.org/wiki/Unsupervised_learning,Unsupervised Learning
types of unsupervised learning models,Link:https://en.wikipedia.org/wiki/Unsupervised_learning,Unsupervised Learning
unsupervised learning in python,Link:https://en.wikipedia.org/wiki/Unsupervised_learning,Unsupervised Learning
unsupervised learning in machine learning,Link:https://en.wikipedia.org/wiki/Unsupervised_learning,Unsupervised Learning
unsupervised learning algorithms,Link:https://en.wikipedia.org/wiki/Unsupervised_learning,Unsupervised Learning
unsupervised learning algorithms in data mining,Link:https://en.wikipedia.org/wiki/Unsupervised_learning,Unsupervised Learning
what are some unsupervised learning methods,Link:https://en.wikipedia.org/wiki/Unsupervised_learning,Unsupervised Learning
unsupervised learning in data science,"K-means clustering, Hierarchical clustering, High-Dimension clustering, Dimension reduction - PCA etc.",Unsupervised Learning
Mention a few unsupervised learning topics,"K-means clustering, Hierarchical clustering, High-Dimension clustering, Dimension reduction - PCA etc.",Unsupervised Learning
Classic ML algorithms,"Supervised Learning, Unsupervised Learning, Ensemble Techniques, Featurization, Model Selection & Tuning",Machine Learning
Machine learning curriculum,"Supervised Learning, Unsupervised Learning, Ensemble Techniques, Featurization, Model Selection & Tuning",Machine Learning
machine learning in data science,"Supervised Learning, Unsupervised Learning, Ensemble Techniques, Featurization, Model Selection & Tuning",Machine Learning
Mention a few machine learning topics,"Supervised Learning, Unsupervised Learning, Ensemble Techniques, Featurization, Model Selection & Tuning",Machine Learning
What is meant by K means clustering algorithm,Link:https://en.wikipedia.org/wiki/K-means_clustering,K-means Clustering
How do you calculate K means clustering,Link:https://en.wikipedia.org/wiki/K-means_clustering,K-means Clustering
Why K means clustering is used,Link:https://en.wikipedia.org/wiki/K-means_clustering,K-means Clustering
What kind of clusters that K means clustering algorithm produce,Link:https://en.wikipedia.org/wiki/K-means_clustering,K-means Clustering
Where is K means clustering used,Link:https://en.wikipedia.org/wiki/K-means_clustering,K-means Clustering
What is K means algorithm with example,Link:https://en.wikipedia.org/wiki/K-means_clustering,K-means Clustering
Where is clustering used,Link:https://en.wikipedia.org/wiki/K-means_clustering,K-means Clustering
What is elbow method in K means,Link:https://en.wikipedia.org/wiki/K-means_clustering,K-means Clustering
How do you use the elbow method,Link:https://en.wikipedia.org/wiki/K-means_clustering,K-means Clustering
Can we get different results for different runs of K means clustering,Link:https://en.wikipedia.org/wiki/K-means_clustering,K-means Clustering
How K means cluster in Python,Link:https://en.wikipedia.org/wiki/K-means_clustering,K-means Clustering
Explain K-means clustering,Link:https://en.wikipedia.org/wiki/K-means_clustering,K-means Clustering
k-means clustering simple explanation,Link:https://en.wikipedia.org/wiki/K-means_clustering,K-means Clustering
Data clustering algorithm,Link:https://en.wikipedia.org/wiki/K-means_clustering,K-means Clustering
How K-means algorithm work,Link:https://en.wikipedia.org/wiki/K-means_clustering,K-means Clustering
Principal component analysis clustering,Link: https://en.wikipedia.org/wiki/Principal_component_analysis,PCA
What is the difference between PCA and cluster analysis,Link: https://en.wikipedia.org/wiki/Principal_component_analysis,PCA
What is PCA used for,Link: https://en.wikipedia.org/wiki/Principal_component_analysis,PCA
Why is PCA in unsupervised technique,Link: https://en.wikipedia.org/wiki/Principal_component_analysis,PCA
How do you do a PCA analysis,Link: https://en.wikipedia.org/wiki/Principal_component_analysis,PCA
Is PCA a cluster,Link: https://en.wikipedia.org/wiki/Principal_component_analysis,PCA
Is PCA a classifier,Link: https://en.wikipedia.org/wiki/Principal_component_analysis,PCA
How is PCA calculated,Link: https://en.wikipedia.org/wiki/Principal_component_analysis,PCA
What is PCA method,Link: https://en.wikipedia.org/wiki/Principal_component_analysis,PCA
Does PCA improve accuracy,Link: https://en.wikipedia.org/wiki/Principal_component_analysis,PCA
Is PCA supervised,Link: https://en.wikipedia.org/wiki/Principal_component_analysis,PCA
What are PCA components,Link: https://en.wikipedia.org/wiki/Principal_component_analysis,PCA
How do I choose a PCA component,Link: https://en.wikipedia.org/wiki/Principal_component_analysis,PCA
Should you do PCA before clustering,Link: https://en.wikipedia.org/wiki/Principal_component_analysis,PCA
What are PCA loadings,Link: https://en.wikipedia.org/wiki/Principal_component_analysis,PCA
Can PCA be used for prediction,Link: https://en.wikipedia.org/wiki/Principal_component_analysis,PCA
How does PCA reduce features,Link: https://en.wikipedia.org/wiki/Principal_component_analysis,PCA
How does boosting work machine learning,Link: https://en.wikipedia.org/wiki/Boosting_(machine_learning),Boosting
What is bagging and boosting in machine learning,Link: https://en.wikipedia.org/wiki/Boosting_(machine_learning),Boosting
Adaboost,Link: https://en.wikipedia.org/wiki/Boosting_(machine_learning),Boosting
What is a weak learner,Link: https://en.wikipedia.org/wiki/Boosting_(machine_learning),Boosting
Is CatBoost better than XGBoost,Link: https://en.wikipedia.org/wiki/Boosting_(machine_learning),Boosting
What is boosting in ML,Link: https://en.wikipedia.org/wiki/Boosting_(machine_learning),Boosting
What is the main objective of boosting,Link: https://en.wikipedia.org/wiki/Boosting_(machine_learning),Boosting
Can boosting Overfit,Link: https://en.wikipedia.org/wiki/Boosting_(machine_learning),Boosting
Why is boosting better than bagging,Link: https://en.wikipedia.org/wiki/Boosting_(machine_learning),Boosting
Why is XGBoost faster than GBM,Link: https://en.wikipedia.org/wiki/Boosting_(machine_learning),Boosting
Can XGBoost take categorical features in input,Link: https://en.wikipedia.org/wiki/Boosting_(machine_learning),Boosting
Is Random Forest a boosting algorithm,Link: https://en.wikipedia.org/wiki/Boosting_(machine_learning),Boosting
Does boosting reduce variance,Link: https://en.wikipedia.org/wiki/Boosting_(machine_learning),Boosting
Why do we want to use weak learners when boosting,Link: https://en.wikipedia.org/wiki/Boosting_(machine_learning),Boosting
How do I fix Overfitting problems,Link: https://en.wikipedia.org/wiki/Boosting_(machine_learning),Boosting
Is boosting an ensemble,Link: https://en.wikipedia.org/wiki/Boosting_(machine_learning),Boosting
What is Adaboost,Link: https://en.wikipedia.org/wiki/Boosting_(machine_learning),Boosting
Does boosting use bootstrap,Link: https://en.wikipedia.org/wiki/Boosting_(machine_learning),Boosting
What is CatBoost algorithm,Link: https://en.wikipedia.org/wiki/Boosting_(machine_learning),Boosting
bagging machine learning,Link: https://en.wikipedia.org/wiki/Bootstrap_aggregating,Bagging
What is a bagging classifier,Link: https://en.wikipedia.org/wiki/Bootstrap_aggregating,Bagging
What is the purpose of bagging,Link: https://en.wikipedia.org/wiki/Bootstrap_aggregating,Bagging
Is bootstrapping the same as bagging,Link: https://en.wikipedia.org/wiki/Bootstrap_aggregating,Bagging
What is a bagging,Link: https://en.wikipedia.org/wiki/Bootstrap_aggregating,Bagging
What is bagging technique in ML,Link: https://en.wikipedia.org/wiki/Bootstrap_aggregating,Bagging
How does bagging reduce Overfitting,Link: https://en.wikipedia.org/wiki/Bootstrap_aggregating,Bagging
Is Boosting better than bagging,Link: https://en.wikipedia.org/wiki/Bootstrap_aggregating,Bagging
Is Random Forest bagging or boosting,Link: https://en.wikipedia.org/wiki/Bootstrap_aggregating,Bagging
What is bagging in decision tree,Link: https://en.wikipedia.org/wiki/Bootstrap_aggregating,Bagging
What is full form of term bagging,Link: https://en.wikipedia.org/wiki/Bootstrap_aggregating,Bagging
Can bagging Overfit,Link: https://en.wikipedia.org/wiki/Bootstrap_aggregating,Bagging
Why does bagging decrease variance,Link: https://en.wikipedia.org/wiki/Bootstrap_aggregating,Bagging
What is the difference between bagging and random forest,Link: https://en.wikipedia.org/wiki/Bootstrap_aggregating,Bagging
What is bias in machine learning,Link: https://en.wikipedia.org/wiki/Bootstrap_aggregating,Bagging
Is the bagging technique uses the row and column sampling in Ensemble machine learning,Link: https://en.wikipedia.org/wiki/Bootstrap_aggregating,Bagging
Statistical inference,Link: https://en.wikipedia.org/wiki/Statistical_inference,Inferential statistics
What is inferential statistics used for,Link: https://en.wikipedia.org/wiki/Statistical_inference,Inferential statistics
What is the difference between descriptive and inferential statistics,Link: https://en.wikipedia.org/wiki/Statistical_inference,Inferential statistics
What are inferential statistical tests,Link: https://en.wikipedia.org/wiki/Statistical_inference,Inferential statistics
What are examples of inferential statistics,Link: https://en.wikipedia.org/wiki/Statistical_inference,Inferential statistics
Is inferential statistics qualitative or quantitative,Link: https://en.wikipedia.org/wiki/Statistical_inference,Inferential statistics
Is Chi square inferential,Link: https://en.wikipedia.org/wiki/Statistical_inference,Inferential statistics
How do you write inferential statistics,Link: https://en.wikipedia.org/wiki/Statistical_inference,Inferential statistics
How do you know which inferential test to use,Link: https://en.wikipedia.org/wiki/Statistical_inference,Inferential statistics
Is the t test inferential or descriptive statistics,Link: https://en.wikipedia.org/wiki/Statistical_inference,Inferential statistics
What is the main type of inferential statistics,Link: https://en.wikipedia.org/wiki/Statistical_inference,Inferential statistics
What comes under inferential statistics,Link: https://en.wikipedia.org/wiki/Statistical_inference,Inferential statistics
Is Anova an inferential statistic,Link: https://en.wikipedia.org/wiki/Statistical_inference,Inferential statistics
What are the advantages of inferential statistics,Link: https://en.wikipedia.org/wiki/Statistical_inference,Inferential statistics
What are the two types of inferential statistics,Link: https://en.wikipedia.org/wiki/Statistical_inference,Inferential statistics
Which research method fits inferential statistics,Link: https://en.wikipedia.org/wiki/Statistical_inference,Inferential statistics
When should you use descriptive and inferential statistics,Link: https://en.wikipedia.org/wiki/Statistical_inference,Inferential statistics
Explain EDA ?,Link:https://en.wikipedia.org/wiki/Exploratory_data_analysis,EDA
What is Exploratory Data Analysis?,Link:https://en.wikipedia.org/wiki/Exploratory_data_analysis,EDA
Why EDA is necessary for Machine Learning?,Link:https://en.wikipedia.org/wiki/Exploratory_data_analysis,EDA
exploratory data analysis example,Link:https://en.wikipedia.org/wiki/Exploratory_data_analysis,EDA
How do you do exploratory data analysis in Python?,Link:https://en.wikipedia.org/wiki/Exploratory_data_analysis,EDA
exploratory data analysis python course,Link:https://en.wikipedia.org/wiki/Exploratory_data_analysis,EDA
python exploratory data analysis package,Link:https://en.wikipedia.org/wiki/Exploratory_data_analysis,EDA
exploratory data analysis python github,Link:https://en.wikipedia.org/wiki/Exploratory_data_analysis,EDA
What does EDA stand for in data science?,Link:https://en.wikipedia.org/wiki/Exploratory_data_analysis,EDA
why do we do EDA?,Link:https://en.wikipedia.org/wiki/Exploratory_data_analysis,EDA
what is the importance of eda,Link:https://en.wikipedia.org/wiki/Exploratory_data_analysis,EDA
Exploratory Data Analysis importance?,Link:https://en.wikipedia.org/wiki/Exploratory_data_analysis,EDA
why is EDA important.,Link:https://en.wikipedia.org/wiki/Exploratory_data_analysis,EDA
Explain descriptive statistics?,Link:https://en.wikipedia.org/wiki/Descriptive_statistics,descriptive statistics
What is meant by descriptive statistics?,Link:https://en.wikipedia.org/wiki/Descriptive_statistics,descriptive statistics
What are some examples of descriptive statistics?,Link:https://en.wikipedia.org/wiki/Descriptive_statistics,descriptive statistics
types of descriptive statistics,Link:https://en.wikipedia.org/wiki/Descriptive_statistics,descriptive statistics
i want to know more about descriptive statistics,Link:https://en.wikipedia.org/wiki/Descriptive_statistics,descriptive statistics
why is descriptive statistics important,Link:https://en.wikipedia.org/wiki/Descriptive_statistics,descriptive statistics
what is descriptive statistics approach,Link:https://en.wikipedia.org/wiki/Descriptive_statistics,descriptive statistics
How do you interpret descriptive statistics in Excel?,Link:https://en.wikipedia.org/wiki/Descriptive_statistics,descriptive statistics
what is the importance of descriptive statistics,Link:https://en.wikipedia.org/wiki/Descriptive_statistics,descriptive statistics
descriptive statistics pdf,Link:https://en.wikipedia.org/wiki/Descriptive_statistics,descriptive statistics
different approached for descriptive statistics,Link:https://en.wikipedia.org/wiki/Descriptive_statistics,descriptive statistics
give me an introduction to descriptive statistics,Link:https://en.wikipedia.org/wiki/Descriptive_statistics,descriptive statistics
what is logistic regression,Link:https://en.wikipedia.org/wiki/Logistic_regression,Logistic regression
Why is logistic regression so popular?,Link:https://en.wikipedia.org/wiki/Logistic_regression,Logistic regression
What are the types of logistic regression?,Link:https://en.wikipedia.org/wiki/Logistic_regression,Logistic regression
Why logistic regression is better than linear?,Link:https://en.wikipedia.org/wiki/Logistic_regression,Logistic regression
What is logistic regression and how does it work?,Link:https://en.wikipedia.org/wiki/Logistic_regression,Logistic regression
Can logistic regression be non linear?,Link:https://en.wikipedia.org/wiki/Logistic_regression,Logistic regression
What are the assumptions for using a logistic regression?,Link:https://en.wikipedia.org/wiki/Logistic_regression,Logistic regression
Is logistic regression GLM?,Link:https://en.wikipedia.org/wiki/Logistic_regression,Logistic regression
Why is logistic regression better?,Link:https://en.wikipedia.org/wiki/Logistic_regression,Logistic regression
Why is logistic regression linear?,Link:https://en.wikipedia.org/wiki/Logistic_regression,Logistic regression
When should you use logistic regression?,Link:https://en.wikipedia.org/wiki/Logistic_regression,Logistic regression
logistic regression tutorial,Link:https://en.wikipedia.org/wiki/Logistic_regression,Logistic regression
machine learning visualization python,Link:https://en.wikipedia.org/wiki/Visualization,visualization techniques
I want to know more about data visualization techniques,Link:https://en.wikipedia.org/wiki/Visualization,visualization techniques
visualization techniques in data mining,Link:https://en.wikipedia.org/wiki/Visualization,visualization techniques
What are the best visualization techniques for machine learning,Link:https://en.wikipedia.org/wiki/Visualization,visualization techniques
I want to understand data visualization,Link:https://en.wikipedia.org/wiki/Visualization,visualization techniques
become expert in data visualization,Link:https://en.wikipedia.org/wiki/Visualization,visualization techniques
How can I improve my visualization skills?,Link:https://en.wikipedia.org/wiki/Visualization,visualization techniques
why is visualiztion important,Link:https://en.wikipedia.org/wiki/Visualization,visualization techniques
univariate visualizations,Link:https://en.wikipedia.org/wiki/Visualization,visualization techniques
what are the different type of data visualization tools,Link:https://en.wikipedia.org/wiki/Visualization,visualization techniques
what are the different type of bi-variate visualization graphs,Link:https://en.wikipedia.org/wiki/Visualization,visualization techniques
how to become better at data visualiztion,Link:https://en.wikipedia.org/wiki/Visualization,visualization techniques
what is anova test,Link:https://en.wikipedia.org/wiki/Analysis_of_variance,anova
What are the assumptions of Anova?,Link:https://en.wikipedia.org/wiki/Analysis_of_variance,anova
when to use anova?,Link:https://en.wikipedia.org/wiki/Analysis_of_variance,anova
Why do we use Anova instead of t test?,Link:https://en.wikipedia.org/wiki/Analysis_of_variance,anova
What is the output of anova test,Link:https://en.wikipedia.org/wiki/Analysis_of_variance,anova
What is the difference between one way Anova and two way Anova?,Link:https://en.wikipedia.org/wiki/Analysis_of_variance,anova
How do you interpret Anova results?,Link:https://en.wikipedia.org/wiki/Analysis_of_variance,anova
What is the full form of ANOVA,Link:https://en.wikipedia.org/wiki/Analysis_of_variance,anova
What does an Anova test tell you?,Link:https://en.wikipedia.org/wiki/Analysis_of_variance,anova
Explain anova with example.,Link:https://en.wikipedia.org/wiki/Analysis_of_variance,anova
one-way anova test approach,Link:https://en.wikipedia.org/wiki/Analysis_of_variance,anova
I dont understand when to use anova test and when to use t-test.,Link:https://en.wikipedia.org/wiki/Analysis_of_variance,anova
What is deep learning examples?,Link:https://en.wikipedia.org/wiki/Deep_learning,deep learning
Where is Deep learning used?,Link:https://en.wikipedia.org/wiki/Deep_learning,deep learning
What is deep learning vs Machine Learning?,Link:https://en.wikipedia.org/wiki/Deep_learning,deep learning
Why is it called deep learning?,Link:https://en.wikipedia.org/wiki/Deep_learning,deep learning
Please explain deep learning,Link:https://en.wikipedia.org/wiki/Deep_learning,deep learning
How do we do deep learning?,Link:https://en.wikipedia.org/wiki/Deep_learning,deep learning
Is computer vision machine learning?,Link:https://en.wikipedia.org/wiki/Computer_vision,computer vision
What is computer vision example?,Link:https://en.wikipedia.org/wiki/Computer_vision,computer vision
What is image processing and computer vision?,Link:https://en.wikipedia.org/wiki/Computer_vision,computer vision
What is machine learning,Link:https://en.wikipedia.org/wiki/Machine_learning,Machine learning
Please explain machine learning,Link:https://en.wikipedia.org/wiki/Machine_learning,Machine learning
What are types of machine learning,Link:https://en.wikipedia.org/wiki/Machine_learning,Machine learning
How machine learning is done,Link:https://en.wikipedia.org/wiki/Machine_learning,Machine learning
What is ml,Link:https://en.wikipedia.org/wiki/Machine_learning,Machine learning
Explain ml to me,Link:https://en.wikipedia.org/wiki/Machine_learning,Machine learning
How ml is performed,Link:https://en.wikipedia.org/wiki/Machine_learning,Machine learning
What are computer vision problems?,Link:https://en.wikipedia.org/wiki/Computer_vision,computer vision\
